tstamp,mouse_x,mouse_y
1429904444108,0.518448,0.493268
1429904444207,0.529801,0.499388
1429904444298,0.514664,0.498164
1429904444380,0.48439,0.494492
1429904444478,0.402081,0.479804
1429904444570,0.30369,0.463892
1429904444668,0.244087,0.456548
1429904444735,0.235572,0.4541
1429904444844,0.242195,0.450428
1429904444942,0.264901,0.44186
1429904445040,0.325449,0.429621
1429904445131,0.421949,0.390453
1429904445214,0.48439,0.362301
1429904445312,0.53264,0.341493
