tstamp,mouse_x,mouse_y
1429904488749,0.416272,0.627907
1429904488831,0.419111,0.634027
1429904488921,0.421949,0.637699
1429904489021,0.420057,0.632803
1429904489155,0.410596,0.620563
1429904489228,0.396405,0.600979
1429904489326,0.384106,0.578947
1429904489418,0.368023,0.550796
1429904489514,0.35667,0.517748
1429904489614,0.350047,0.479804
1429904489697,0.347209,0.451652
