tstamp,mouse_x,mouse_y
1429904490508,0.321665,0.380661
