tstamp,mouse_x,mouse_y
1429904564141,0.720908,0.336597
1429904564235,0.726585,0.368421
1429904564330,0.723746,0.375765
1429904564430,0.684957,0.373317
1429904564538,0.61684,0.374541
1429904564640,0.504257,0.376989
1429904564736,0.428571,0.379437
1429904564827,0.405866,0.394125
