tstamp,mouse_x,mouse_y
1429904652923,0.71807,0.620563
1429904653036,0.708609,0.618115
1429904653133,0.670766,0.593635
1429904653226,0.609272,0.52142
1429904653292,0.577105,0.47858
1429904653391,0.555345,0.440636
1429904653495,0.544939,0.418605
1429904653597,0.538316,0.374541
