tstamp,mouse_x,mouse_y
1429904654991,0.200568,0.367197
1429904655099,0.201514,0.346389
1429904655197,0.232734,0.343941
1429904655294,0.306528,0.356181
