tstamp,mouse_x,mouse_y
1429904686830,0.723746,0.399021
1429904686897,0.721854,0.396573
1429904686985,0.716178,0.399021
1429904687051,0.711447,0.408813
1429904687151,0.689688,0.471236
1429904687227,0.668874,0.543452
1429904687326,0.6386,0.645043
1429904687423,0.62157,0.692778
