tstamp,mouse_x,mouse_y
1429904693484,0.825922,0.401469
1429904693583,0.824976,0.414933
1429904693680,0.808893,0.432069
1429904693786,0.754021,0.474908
1429904693852,0.703879,0.526316
1429904693951,0.645222,0.620563
1429904694043,0.62157,0.673195
1429904694140,0.610218,0.690331
