tstamp,mouse_x,mouse_y
1429904702112,0.543046,0.482252
1429904702202,0.535478,0.479804
1429904702303,0.535478,0.481028
1429904702409,0.603595,0.481028
1429904702484,0.711447,0.476132
1429904702572,0.860927,0.4541
1429904702666,0.916745,0.438188
1429904702729,0.912961,0.439412
1429904702846,0.890255,0.443084
1429904702938,0.869442,0.444308
1429904703035,0.826868,0.444308
