tstamp,mouse_x,mouse_y
1429904821036,0.321665,0.438188
1429904821133,0.332072,0.428397
1429904821231,0.341533,0.427173
1429904821290,0.343425,0.440636
1429904821370,0.340587,0.461444
1429904821473,0.331126,0.501836
1429904821569,0.322611,0.531212
