tstamp,mouse_x,mouse_y
1429904933707,0.576159,0.402693
1429904933805,0.56859,0.411261
1429904933900,0.561968,0.427173
1429904934000,0.547777,0.474908
1429904934112,0.516556,0.559364
1429904934203,0.473037,0.658507
1429904934270,0.443709,0.709914
1429904934366,0.410596,0.746634
1429904934459,0.398297,0.753978
1429904934539,0.397351,0.746634
