tstamp,mouse_x,mouse_y
1429904943723,0.441816,0.249694
1429904943821,0.444655,0.25459
1429904943919,0.459792,0.264382
1429904943995,0.478713,0.282742
1429904944092,0.506149,0.315789
1429904944191,0.524125,0.352509
1429904944283,0.518448,0.405141
1429904944397,0.497635,0.471236
1429904944491,0.482498,0.547124
1429904944586,0.476821,0.607099
1429904944684,0.466414,0.664627
1429904944779,0.454115,0.723378
1429904944859,0.444655,0.752754
1429904944958,0.435194,0.76989
