tstamp,mouse_x,mouse_y
1429904972794,0.393567,0.321909
1429904972891,0.399243,0.330477
1429904972990,0.403027,0.340269
1429904973083,0.428571,0.350061
1429904973179,0.500473,0.369645
1429904973261,0.56386,0.389229
1429904973354,0.647114,0.411261
1429904973452,0.692526,0.414933
1429904973517,0.697256,0.417381
1429904973626,0.700095,0.423501
