tstamp,mouse_x,mouse_y
1429905195290,0.670766,0.643819
1429905195387,0.66036,0.648715
1429905195469,0.652791,0.651163
1429905195563,0.639546,0.649939
1429905195662,0.614948,0.641371
1429905195760,0.576159,0.627907
1429905195866,0.51561,0.607099
1429905195967,0.438978,0.581395
1429905196065,0.397351,0.564259
1429905196156,0.38316,0.547124
1429905196268,0.370861,0.525092
1429905196337,0.364238,0.510404
