tstamp,mouse_x,mouse_y
1430003519805,0.651845,0.636475
1430003519885,0.650899,0.637699
1430003520016,0.64333,0.634027
1430003520140,0.629139,0.636475
1430003520272,0.587512,0.642595
1430003520362,0.561022,0.645043
1430003520477,0.51561,0.645043
1430003520604,0.496689,0.645043
1430003520749,0.486282,0.645043
1430003520876,0.480605,0.647491
1430003521005,0.476821,0.649939
