tstamp,mouse_x,mouse_y
1430003902764,0.677389,0.52142
1430003902894,0.674551,0.526316
1430003903035,0.666036,0.526316
1430003903165,0.631031,0.547124
1430003903300,0.56859,0.585067
1430003903436,0.525071,0.613219
1430003903563,0.51088,0.629131
1430003903629,0.508042,0.635251
1430003903757,0.493851,0.646267
1430003903899,0.472091,0.654835
1430003904030,0.438978,0.671971
1430003904155,0.413434,0.689106
1430003904220,0.410596,0.695226
1430003904300,0.410596,0.698898
1430003904429,0.412488,0.70257
