tstamp,mouse_x,mouse_y
1429984234234,0.412488,0.740514
1429984234354,0.415326,0.73929
1429984234448,0.417219,0.736842
1429984234538,0.421003,0.73317
1429984234639,0.430464,0.724602
1429984234736,0.444655,0.703794
1429984234814,0.455061,0.689106
1429984234914,0.46736,0.671971
1429984235002,0.478713,0.654835
1429984235099,0.490066,0.646267
1429984235182,0.497635,0.645043
1429984235281,0.505203,0.646267
1429984235372,0.508042,0.647491
