tstamp,mouse_x,mouse_y
1429914660888,0.332072,0.403917
1429914660987,0.333964,0.405141
1429914661076,0.332072,0.406365
1429914661255,0.33018,0.413709
1429914661318,0.326395,0.432069
1429914661413,0.317881,0.467564
1429914661511,0.315989,0.49082
1429914661589,0.315989,0.50306
1429914661686,0.315043,0.52142
1429914661784,0.315989,0.53366
1429914661876,0.315043,0.534884
