tstamp,mouse_x,mouse_y
1429914839944,0.427625,0.70869
1429914840035,0.429518,0.707466
1429914840149,0.432356,0.707466
1429914840249,0.438032,0.70869
1429914840341,0.444655,0.705018
1429914840440,0.463576,0.691554
1429914840537,0.487228,0.673195
1429914840613,0.497635,0.662179
1429914840712,0.506149,0.652387
1429914840803,0.505203,0.653611
1429914840900,0.502365,0.654835
