tstamp,mouse_x,mouse_y
1429984404943,0.460738,0.838433
1429984405043,0.465468,0.839657
1429984405148,0.466414,0.837209
1429984405256,0.466414,0.834761
1429984405341,0.464522,0.832313
1429984405406,0.460738,0.831089
1429984405502,0.439924,0.823745
1429984405578,0.408704,0.820073
1429984405677,0.3614,0.817625
1429984405776,0.33018,0.813953
1429984405843,0.322611,0.816401
1429984405931,0.321665,0.820073
1429984406013,0.321665,0.822521
1429984406114,0.324503,0.824969
1429984406206,0.33018,0.827417
