tstamp,gaze_x,gaze_y
10000208.068768,0.550615,0.276622
10000220.575590,0.550615,0.274174
10000235.798686,0.547777,0.291310
10000250.887464,0.548723,0.292534
10000266.021758,0.547777,0.294982
10000280.884737,0.545885,0.298654
10000296.935166,0.545885,0.299878
10000326.586156,0.545885,0.285190
