tstamp,mouse_x,mouse_y
1429903934602,0.505203,0.678091
1429903934800,0.519395,0.681763
1429903934907,0.577105,0.695226
1429903934993,0.617786,0.705018
1429903935074,0.650899,0.70869
1429903935163,0.66036,0.707466
1429903935262,0.66509,0.695226
1429903935344,0.672658,0.674419
1429903935434,0.700095,0.610771
1429903935514,0.723746,0.553244
1429903935599,0.750237,0.47858
1429903935691,0.761589,0.440636
