tstamp,mouse_x,mouse_y
1429904128780,0.763482,0.592411
1429904128877,0.759697,0.598531
1429904128942,0.754967,0.597307
1429904129033,0.726585,0.596083
1429904129098,0.681173,0.598531
1429904129181,0.622517,0.596083
