tstamp,mouse_x,mouse_y
1429904320480,0.695364,0.4541
1429904320553,0.69631,0.455324
1429904320653,0.699149,0.4541
1429904320751,0.69631,0.456548
1429904320843,0.692526,0.465116
1429904320926,0.689688,0.47858
1429904321023,0.682119,0.522644
1429904321115,0.671712,0.578947
1429904321181,0.66509,0.621787
1429904321278,0.655629,0.697674
1429904321354,0.649007,0.75153
1429904321452,0.641438,0.822521
1429904321549,0.6386,0.870257
1429904321642,0.636708,0.905753
