tstamp,mouse_x,mouse_y
1429995449388,0.439924,0.835985
1429995449469,0.441816,0.833537
1429995449563,0.43614,0.824969
1429995449661,0.399243,0.80661
1429995449767,0.337748,0.793146
1429995449837,0.304636,0.785802
1429995449934,0.282876,0.780906
