tstamp,mouse_x,mouse_y
1429995452396,0.757805,0.575275
1429995452462,0.755913,0.572827
1429995452556,0.729423,0.561812
1429995452652,0.64333,0.547124
1429995452733,0.579943,0.548348
