tstamp,mouse_x,mouse_y
1429995454589,0.724693,0.433293
1429995454683,0.723746,0.433293
1429995454763,0.720908,0.433293
1429995454861,0.716178,0.44186
1429995454926,0.71334,0.452876
1429995455019,0.709555,0.489596
1429995455116,0.701987,0.564259
1429995455198,0.693472,0.635251
1429995455293,0.681173,0.731946
1429995455389,0.675497,0.77601
1429995455488,0.672658,0.791922
1429995455595,0.673605,0.793146
