tstamp,mouse_x,mouse_y
1429995617344,0.66509,0.679315
1429995617437,0.657521,0.675643
1429995617533,0.648061,0.669523
1429995617627,0.635762,0.653611
1429995617740,0.613056,0.616891
1429995617838,0.581835,0.563035
1429995617931,0.549669,0.473684
1429995618027,0.527909,0.368421
1429995618142,0.503311,0.29743
1429995618236,0.474929,0.253366
1429995618332,0.449385,0.23623
1429995618432,0.43614,0.239902
1429995618525,0.43141,0.250918
1429995618611,0.43141,0.26071
