tstamp,mouse_x,mouse_y
1429995641213,0.756859,0.274174
1429995641306,0.748344,0.282742
1429995641382,0.738884,0.294982
1429995641468,0.714286,0.340269
1429995641564,0.679281,0.411261
1429995641643,0.656575,0.458996
1429995641740,0.635762,0.507956
1429995641835,0.628193,0.528764
1429995641932,0.628193,0.53366
1429995642016,0.629139,0.53366
1429995642106,0.631031,0.531212
1429995642204,0.634816,0.528764
