tstamp,mouse_x,mouse_y
1429995672395,0.699149,0.215422
1429995672476,0.701987,0.219094
1429995672577,0.704825,0.246022
1429995672667,0.705771,0.312118
1429995672732,0.705771,0.370869
1429995672831,0.710501,0.450428
1429995672907,0.714286,0.489596
1429995673005,0.716178,0.53366
1429995673099,0.719962,0.561812
1429995673195,0.7228,0.576499
