tstamp,mouse_x,mouse_y
1429995682364,0.257332,0.73317
1429995682459,0.253548,0.731946
1429995682557,0.251656,0.734394
1429995682652,0.254494,0.736842
1429995682717,0.26017,0.73929
1429995682797,0.271523,0.741738
1429995682891,0.304636,0.746634
1429995682987,0.369915,0.75765
1429995683086,0.427625,0.778458
1429995683169,0.448439,0.791922
1429995683260,0.46736,0.804162
1429995683356,0.480605,0.787026
1429995683423,0.48912,0.753978
1429995683516,0.497635,0.730722
