tstamp,mouse_x,mouse_y
1429995762030,0.506149,0.698898
1429995762124,0.507096,0.703794
1429995762205,0.51088,0.70257
1429995762304,0.525071,0.70257
1429995762395,0.554399,0.706242
1429995762492,0.588458,0.707466
1429995762602,0.61211,0.709914
1429995762700,0.620624,0.712362
1429995762796,0.629139,0.709914
1429995762901,0.648061,0.692778
1429995763007,0.678335,0.648715
1429995763102,0.711447,0.589963
1429995763197,0.732261,0.560588
1429995763260,0.737938,0.55814
1429995763358,0.742668,0.563035
