tstamp,mouse_x,mouse_y
1430002762556,0.750237,0.577723
1430002762631,0.750237,0.572827
1430002762702,0.748344,0.569155
1430002762829,0.743614,0.571603
1430002762957,0.736045,0.576499
1430002763099,0.715232,0.575275
1430002763231,0.697256,0.575275
1430002763356,0.68685,0.574051
1430002763501,0.682119,0.581395
1430002763629,0.680227,0.585067
1430002763757,0.680227,0.581395
1430002763822,0.680227,0.578947
