tstamp,mouse_x,mouse_y
1430003309324,0.689688,0.197062
1430003309390,0.688742,0.197062
1430003309521,0.676443,0.221542
1430003309596,0.658467,0.255814
1430003309725,0.61684,0.319461
1430003309853,0.597919,0.346389
1430003309923,0.596973,0.353733
1430003310060,0.611164,0.365973
1430003310190,0.641438,0.383109
1430003310327,0.68685,0.418605
1430003310462,0.730369,0.470012
1430003310591,0.746452,0.50306
1430003310716,0.752129,0.526316
1430003310863,0.74929,0.543452
1430003310989,0.746452,0.547124
