tstamp,mouse_x,mouse_y
1429995193131,0.733207,0.401469
1429995193229,0.724693,0.397797
1429995193324,0.701987,0.389229
1429995193419,0.648061,0.376989
1429995193501,0.59508,0.368421
1429995193595,0.511826,0.362301
1429995193692,0.460738,0.363525
1429995193790,0.442763,0.365973
1429995193867,0.438978,0.368421
