tstamp,mouse_x,mouse_y
1429995286154,0.31315,0.492044
1429995286252,0.310312,0.4847
1429995286347,0.315989,0.477356
1429995286412,0.329234,0.474908
1429995286492,0.355724,0.465116
1429995286586,0.429518,0.443084
1429995286682,0.524125,0.418605
1429995286771,0.588458,0.406365
1429995286865,0.66982,0.394125
1429995286955,0.723746,0.389229
1429995287051,0.756859,0.386781
1429995287147,0.77105,0.384333
1429995287243,0.77578,0.385557
1429995287418,0.774834,0.381885
