tstamp,mouse_x,mouse_y
1429995352540,0.825922,0.390453
1429995352605,0.823084,0.390453
1429995352715,0.810785,0.390453
1429995352811,0.786187,0.399021
1429995352909,0.746452,0.429621
1429995353002,0.698202,0.473684
1429995353115,0.652791,0.510404
1429995353214,0.624409,0.543452
1429995353275,0.618732,0.560588
1429995353373,0.61684,0.575275
1429995353472,0.61684,0.582619
1429995353548,0.618732,0.581395
1429995353647,0.62157,0.576499
