tstamp,mouse_x,mouse_y
1429995355679,0.182592,0.395349
1429995355740,0.186377,0.394125
1429995355837,0.191107,0.391677
1429995355934,0.200568,0.388005
1429995356011,0.220435,0.384333
1429995356109,0.2772,0.380661
1429995356207,0.331126,0.379437
