tstamp,mouse_x,mouse_y
1429995369471,0.634816,0.394125
1429995369547,0.640492,0.395349
1429995369725,0.627247,0.391677
1429995369820,0.582781,0.384333
1429995369915,0.506149,0.400245
1429995369996,0.451277,0.418605
1429995370091,0.374645,0.440636
1429995370187,0.312204,0.46022
1429995370285,0.274361,0.47246
1429995370395,0.261116,0.476132
1429995370491,0.25544,0.477356
1429995370589,0.254494,0.477356
1429995370684,0.264901,0.46634
1429995370780,0.28193,0.419829
1429995370861,0.293283,0.388005
