tstamp,mouse_x,mouse_y
1429995372755,0.702933,0.364749
1429995372850,0.701987,0.368421
1429995372925,0.699149,0.372093
1429995373021,0.689688,0.380661
1429995373121,0.675497,0.402693
1429995373214,0.657521,0.443084
1429995373292,0.650899,0.477356
1429995373387,0.640492,0.531212
1429995373485,0.629139,0.574051
1429995373582,0.624409,0.592411
1429995373691,0.622517,0.594859
