tstamp,mouse_x,mouse_y
1429995385867,0.7228,0.596083
1429995385964,0.709555,0.581395
1429995386045,0.688742,0.561812
1429995386138,0.642384,0.523868
1429995386235,0.58562,0.489596
1429995386300,0.553453,0.467564
1429995386399,0.526963,0.445532
1429995386474,0.521287,0.433293
1429995386573,0.519395,0.416157
1429995386666,0.519395,0.401469
1429995386764,0.523179,0.391677
