tstamp,mouse_x,mouse_y
1430004346385,0.196783,0.395349
1430004346508,0.20246,0.396573
1430004346656,0.216651,0.394125
1430004346781,0.244087,0.395349
1430004346922,0.269631,0.394125
