tstamp,mouse_x,mouse_y
1430004365630,0.508042,0.495716
1430004365760,0.51088,0.498164
1430004365888,0.521287,0.49082
1430004365956,0.531693,0.482252
1430004366030,0.544939,0.473684
1430004366166,0.577105,0.456548
1430004366298,0.62157,0.440636
1430004366450,0.668874,0.432069
1430004366557,0.708609,0.424725
1430004366633,0.724693,0.418605
1430004366751,0.754021,0.408813
1430004366831,0.76632,0.405141
1430004366959,0.785241,0.402693
1430004367084,0.791864,0.402693
1430004367232,0.795648,0.402693
