tstamp,mouse_x,mouse_y
1430004538893,0.719016,0.401469
1430004539021,0.707663,0.403917
1430004539154,0.647114,0.397797
1430004539292,0.544939,0.388005
1430004539423,0.46263,0.383109
1430004539547,0.419111,0.383109
1430004539611,0.407758,0.384333
1430004539698,0.403027,0.386781
1430004539821,0.40492,0.385557
1430004539949,0.419111,0.383109
1430004540023,0.430464,0.384333
1430004540174,0.454115,0.386781
1430004540289,0.469253,0.391677
1430004540411,0.474929,0.395349
