tstamp,mouse_x,mouse_y
1429996068269,0.731315,0.531212
1429996068347,0.725639,0.526316
1429996068449,0.707663,0.52142
1429996068509,0.690634,0.520196
1429996068604,0.664144,0.518972
1429996068699,0.634816,0.526316
1429996068780,0.610218,0.537332
1429996068876,0.564806,0.566707
1429996068971,0.508988,0.619339
1429996069069,0.461684,0.686659
1429996069131,0.442763,0.723378
1429996069211,0.429518,0.749082
1429996069310,0.415326,0.76377
