tstamp,mouse_x,mouse_y
1429996071645,0.561968,0.407589
1429996071741,0.558184,0.400245
1429996071839,0.553453,0.401469
1429996071931,0.545885,0.418605
1429996072028,0.529801,0.47246
1429996072110,0.512772,0.525092
1429996072202,0.486282,0.591187
1429996072267,0.472091,0.621787
1429996072365,0.456954,0.663403
1429996072476,0.44087,0.689106
1429996072574,0.43141,0.69645
