tstamp,mouse_x,mouse_y
1429996113182,0.2772,0.408813
1429996113259,0.278146,0.410037
1429996113356,0.283822,0.412485
1429996113420,0.291391,0.417381
1429996113515,0.309366,0.446756
1429996113630,0.333964,0.489596
1429996113728,0.358562,0.511628
