tstamp,mouse_x,mouse_y
1429996121805,0.667928,0.616891
1429996121887,0.661306,0.610771
1429996121979,0.639546,0.598531
1429996122050,0.618732,0.589963
1429996122144,0.587512,0.572827
1429996122252,0.561022,0.556916
1429996122348,0.53264,0.5459
1429996122447,0.504257,0.541004
1429996122540,0.472091,0.543452
1429996122618,0.447493,0.541004
1429996122720,0.418165,0.529988
1429996122816,0.403027,0.52754
