tstamp,mouse_x,mouse_y
1429996124351,0.646168,0.638923
1429996124444,0.640492,0.627907
1429996124541,0.614002,0.623011
1429996124635,0.561968,0.627907
1429996124747,0.516556,0.635251
1429996124845,0.493851,0.634027
