tstamp,mouse_x,mouse_y
1429996140926,0.5421,0.274174
1429996141019,0.5421,0.276622
1429996141117,0.543046,0.27907
1429996141198,0.543992,0.286414
1429996141291,0.543046,0.304774
1429996141389,0.543046,0.325581
1429996141487,0.543046,0.370869
1429996141594,0.540208,0.455324
1429996141692,0.535478,0.547124
1429996141787,0.536424,0.611995
1429996141884,0.543992,0.642595
1429996141981,0.548723,0.652387
1429996142059,0.551561,0.651163
1429996142155,0.555345,0.642595
1429996142254,0.557237,0.630355
