tstamp,mouse_x,mouse_y
1429915385075,0.177862,0.353733
1429915385172,0.17597,0.353733
1429915385272,0.177862,0.354957
1429915385365,0.183538,0.356181
1429915385443,0.193945,0.357405
1429915385544,0.230842,0.363525
1429915385642,0.275307,0.374541
1429915385717,0.294229,0.380661
1429915385799,0.299905,0.384333
1429915385882,0.292337,0.385557
1429915385973,0.280038,0.388005
1429915386042,0.276254,0.388005
1429915386143,0.275307,0.386781
1429915386242,0.2772,0.385557
