tstamp,mouse_x,mouse_y
1429915649303,0.461684,0.848225
1429915649403,0.461684,0.842105
1429915649493,0.461684,0.832313
1429915649589,0.458846,0.823745
1429915649670,0.443709,0.817625
1429915649764,0.405866,0.811505
1429915649863,0.369915,0.809058
1429915649941,0.350993,0.810282
1429915650020,0.329234,0.812729
1429915650103,0.316935,0.815178
1429915650198,0.304636,0.818849
