tstamp,mouse_x,mouse_y
1429985047517,0.199622,0.390453
1429985047596,0.200568,0.390453
1429985047666,0.201514,0.390453
1429985047754,0.198675,0.392901
1429985047819,0.195837,0.394125
1429985047920,0.193945,0.391677
1429985048002,0.197729,0.390453
1429985048093,0.212867,0.390453
1429985048174,0.231788,0.392901
1429985048257,0.261116,0.394125
1429985048365,0.273415,0.390453
1429985048464,0.272469,0.388005
1429985048562,0.274361,0.391677
1429985048654,0.272469,0.394125
