tstamp,mouse_x,mouse_y
1429985170491,0.723746,0.380661
1429985170593,0.721854,0.374541
1429985170690,0.715232,0.374541
1429985170779,0.705771,0.374541
1429985170879,0.684011,0.375765
1429985170977,0.630085,0.376989
1429985171051,0.582781,0.375765
1429985171149,0.508988,0.375765
1429985171250,0.451277,0.379437
1429985171308,0.428571,0.378213
1429985171422,0.423841,0.376989
1429985171525,0.439924,0.376989
1429985171612,0.454115,0.376989
1429985171712,0.456954,0.375765
