tstamp,raw_x,raw_y,smoothed_x,smoothed_y,fix
313807123,0.462295,0.235443,0.44918,0.231646,1
313807154,0.472131,0.226582,0.45,0.231646,1
313807187,0.448361,0.241772,0.45082,0.231646,1
313807220,0.451639,0.225316,0.45082,0.231646,1
313807253,0.45082,0.221519,0.45082,0.231646,1
313807287,0.453279,0.210127,0.45082,0.229114,1
313807320,0.45082,0.236709,0.451639,0.23038,1
313807353,0.452459,0.235443,0.451639,0.23038,1
313807386,0.44918,0.232911,0.45082,0.23038,1
313807420,0.443443,0.229114,0.45082,0.23038,1
313807453,0.446721,0.218987,0.45082,0.229114,1
313807486,0.45,0.221519,0.45082,0.229114,1
313807520,0.459836,0.240506,0.45082,0.229114,1
313807554,0.459016,0.244304,0.451639,0.23038,1
313807586,0.451639,0.239241,0.451639,0.23038,1
313807619,0.455738,0.225316,0.451639,0.23038,1
313807654,0.591803,0.379747,0.591803,0.379747,0
313807686,0.582787,0.379747,0.582787,0.379747,0
313807719,0.583607,0.383544,0.582787,0.381013,0
313807756,0.584426,0.370886,0.583607,0.377215,0
313807786,0.583607,0.381013,0.583607,0.378481,0
313807821,0.578689,0.35443,0.582787,0.373418,0
313807854,0.57541,0.355696,0.581148,0.370886,1
313807886,0.582787,0.370886,0.581148,0.370886,1
313807919,0.583607,0.351899,0.581967,0.368354,1
313807954,0.463934,0.306329,0.568033,0.360759,1
313807986,0.318033,0.226582,0.318033,0.226582,0
313808019,0.308197,0.212658,0.308197,0.212658,0
313808054,0.303279,0.239241,0.305738,0.226582,0
313808086,0.290164,0.263291,0.3,0.239241,0
313808119,0.290984,0.249367,0.297541,0.241772,0
313808153,0.3,0.226582,0.298361,0.239241,0
313808186,0.293443,0.222785,0.297541,0.236709,1
313808219,0.30082,0.218987,0.297541,0.234177,1
313808253,0.304098,0.251899,0.298361,0.235443,1
313808286,0.306557,0.221519,0.3,0.234177,1
313808319,0.293443,0.259494,0.29918,0.236709,1
313808353,0.296721,0.220253,0.298361,0.235443,1
